Timestamp,Frame,Tracker_ID,Class,Confidence,X1,Y1,X2,Y2,ROI_Zones,Direction
1784500716.744,1,1,laptop,0.973,476.8,0.0,1434.3,1006.1,,
1784500717.723,2,1,laptop,0.972,487.9,2.7,1421.9,983.8,,UP
1784500718.309,3,1,laptop,0.938,496.0,3.5,1419.5,972.8,,UP-RIGHT
1784500718.878,4,1,laptop,0.823,507.2,3.1,1419.4,960.3,,UP-RIGHT
1784500719.408,5,1,laptop,0.953,515.5,4.5,1401.5,931.0,,UP-LEFT
1784500719.96,6,1,laptop,0.961,516.1,5.4,1390.2,915.9,,UP-LEFT
1784500720.508,7,1,laptop,0.926,514.3,6.5,1378.6,902.6,,UP-LEFT
1784500721.363,8,1,laptop,0.95,493.4,6.6,1351.6,893.1,,UP-LEFT
1784500722.263,9,1,laptop,0.971,476.8,5.5,1339.9,892.9,,LEFT
1784500722.843,10,1,laptop,0.972,477.1,5.8,1334.9,882.4,,UP-LEFT
1784500723.394,11,1,laptop,0.966,474.8,6.0,1330.8,875.7,,UP-LEFT
1784500723.993,12,1,laptop,0.971,465.2,6.0,1324.1,874.7,,LEFT
1784500724.648,13,1,laptop,0.974,453.1,5.7,1317.2,876.7,,LEFT
1784500725.231,14,1,laptop,0.976,445.1,5.7,1313.5,878.7,,LEFT
1784500725.789,15,1,laptop,0.978,438.8,5.6,1311.6,881.3,,LEFT
1784500726.339,16,1,laptop,0.953,433.7,6.7,1306.6,879.5,,LEFT
1784500727.196,17,1,laptop,0.957,411.3,8.6,1282.7,877.4,,LEFT
1784500727.873,18,1,laptop,0.976,400.4,8.6,1275.0,878.7,,LEFT
1784500728.466,19,1,laptop,0.982,398.8,7.7,1276.7,879.6,,STATIC
1784500729.059,20,1,laptop,0.977,410.8,6.5,1291.7,882.7,,RIGHT
1784500729.723,21,1,laptop,0.957,423.3,5.5,1312.5,891.9,,DOWN-RIGHT
1784500730.313,22,1,laptop,0.945,445.7,5.1,1328.6,886.3,,UP-RIGHT
1784500730.969,23,1,laptop,0.948,466.6,7.8,1339.5,879.8,,RIGHT
1784500731.589,24,1,laptop,0.97,485.7,7.7,1352.6,873.3,,UP-RIGHT
1784500732.184,25,1,laptop,0.976,508.3,7.1,1372.6,870.6,,RIGHT
1784500732.762,26,1,laptop,0.969,524.8,5.9,1391.1,872.9,,RIGHT
1784500733.558,27,1,laptop,0.965,545.4,6.2,1408.1,871.9,,RIGHT
1784500734.379,28,1,laptop,0.961,570.1,6.5,1428.2,868.3,,RIGHT
1784500735.139,29,1,laptop,0.956,587.6,7.2,1442.9,868.3,,RIGHT
1784500736.163,30,1,laptop,0.973,603.7,6.7,1455.6,866.0,,RIGHT
1784500737.851,31,1,laptop,0.972,616.0,5.7,1464.6,862.3,,RIGHT
1784500739.147,32,1,laptop,0.784,669.0,2.2,1430.8,758.1,,UP-RIGHT
1784500741.28,33,1,laptop,0.423,710.3,6.0,1423.6,701.7,,UP-RIGHT
1784500742.661,34,1,laptop,0.552,719.6,4.0,1478.4,741.5,,DOWN-RIGHT
1784500744.039,35,1,laptop,0.977,709.8,5.0,1527.2,803.0,,DOWN-RIGHT
1784500745.325,36,1,laptop,0.724,744.7,4.6,1512.0,742.8,,UP-RIGHT
1784500748.115,38,1,laptop,0.408,639.5,1.3,1619.3,966.5,,
1784500749.395,39,1,laptop,0.861,616.0,0.5,1616.7,1008.6,,DOWN-LEFT
1784500750.673,40,1,laptop,0.521,585.2,2.8,1606.6,1055.6,,DOWN-LEFT
1784500751.883,41,1,laptop,0.78,571.3,5.9,1589.3,1079.1,,DOWN-LEFT
1784500754.422,43,1,laptop,0.732,546.6,7.1,1538.9,1074.1,,
1784500755.605,44,1,laptop,0.508,558.6,10.1,1537.2,1077.0,,DOWN-RIGHT
1784500756.908,45,1,laptop,0.786,584.6,10.5,1558.0,1076.3,,RIGHT
1784500758.251,46,1,laptop,0.925,556.9,10.1,1512.3,1072.3,,LEFT
1784500759.458,47,1,laptop,0.85,539.3,14.9,1474.8,1075.6,,DOWN-LEFT
1784500760.85,48,1,laptop,0.777,530.6,25.6,1440.8,1074.5,,DOWN-LEFT
1784500762.066,49,1,laptop,0.712,514.2,37.6,1369.5,1042.3,,UP-LEFT
1784500763.277,50,1,laptop,0.742,495.0,60.8,1333.8,1062.8,,DOWN-LEFT
1784500764.538,51,1,laptop,0.93,523.9,87.7,1342.8,1065.9,,DOWN-RIGHT
1784500765.879,52,1,laptop,0.915,524.9,101.6,1330.7,1069.9,,DOWN-LEFT
1784500767.158,53,1,laptop,0.907,521.9,123.1,1296.8,1066.1,,DOWN-LEFT
1784500768.437,54,1,laptop,0.925,544.5,131.5,1307.9,1066.9,,DOWN-RIGHT
1784500769.684,55,1,laptop,0.91,563.2,127.2,1330.7,1067.9,,RIGHT
1784500771.031,56,1,laptop,0.961,576.7,121.1,1351.5,1066.3,,UP-RIGHT
1784500772.186,57,1,laptop,0.964,581.8,119.3,1359.6,1064.2,,RIGHT
1784500773.3,58,1,laptop,0.953,594.4,116.8,1378.5,1066.0,,RIGHT
1784500774.402,59,1,laptop,0.955,623.5,120.5,1412.2,1069.6,,DOWN-RIGHT
1784500775.587,60,1,laptop,0.981,622.2,125.0,1407.5,1069.4,,LEFT
1784500776.724,61,1,laptop,0.975,618.6,123.8,1403.8,1068.5,,LEFT
1784500777.855,62,1,laptop,0.97,612.1,119.0,1397.8,1067.5,,UP-LEFT
1784500778.991,63,1,laptop,0.937,712.0,111.9,1533.6,1063.0,,UP-RIGHT
1784500780.093,64,1,laptop,0.967,640.4,105.2,1463.3,1059.2,,UP-LEFT
1784500781.364,65,1,laptop,0.864,649.3,101.3,1486.2,1059.2,,RIGHT
1784500782.573,66,1,laptop,0.819,638.1,96.7,1473.5,1051.4,,UP-LEFT
1784500783.891,67,1,laptop,0.785,661.2,73.7,1514.5,1032.2,,UP-RIGHT
1784500786.51,68,1,laptop,0.915,600.0,38.5,1466.8,1017.0,,UP-LEFT
1784500787.692,69,1,laptop,0.883,582.6,18.6,1454.4,1003.8,,UP-LEFT
1784500788.831,70,1,laptop,0.946,574.9,7.4,1425.9,974.5,,UP-LEFT
1784500790.026,71,1,laptop,0.961,591.0,2.7,1431.4,959.4,,UP-RIGHT
1784500791.243,72,1,laptop,0.957,598.3,1.4,1428.9,947.6,,UP
1784500792.524,73,1,laptop,0.949,606.4,0.6,1438.1,943.5,,RIGHT
1784500793.725,74,1,laptop,0.949,628.2,0.3,1466.9,944.3,,RIGHT
1784500794.929,75,1,laptop,0.958,623.2,0.5,1462.9,946.5,,LEFT
1784500796.901,76,1,laptop,0.897,650.1,1.9,1500.0,950.0,,RIGHT
1784500797.965,77,1,laptop,0.765,717.4,2.1,1595.6,953.5,,RIGHT
1784500799.036,78,1,laptop,0.929,663.1,0.9,1535.7,956.4,,LEFT
1784500800.352,79,1,laptop,0.706,642.6,0.0,1518.6,960.9,,LEFT
1784500801.69,80,1,laptop,0.737,681.4,1.9,1585.8,976.6,,DOWN-RIGHT
1784500802.814,81,1,laptop,0.89,601.9,6.2,1498.1,989.3,,DOWN-LEFT
1784500805.073,82,1,laptop,0.93,582.6,10.3,1465.8,992.9,,DOWN-LEFT
1784500806.312,83,1,laptop,0.575,691.1,13.7,1607.2,1001.0,,DOWN-RIGHT
1784500807.402,84,1,laptop,0.467,672.0,9.4,1573.2,964.9,,UP-LEFT
1784500808.554,85,1,laptop,0.764,568.7,7.4,1440.3,946.6,,UP-LEFT
1784500809.693,86,1,laptop,0.949,534.1,6.7,1371.9,918.8,,UP-LEFT
1784500810.814,87,1,laptop,0.937,522.3,5.6,1335.2,896.6,,UP-LEFT
1784500814.621,88,1,laptop,0.919,518.6,4.7,1315.5,882.7,,UP-LEFT
1784500815.841,89,1,laptop,0.866,521.0,4.8,1306.3,873.4,,UP-LEFT
1784500816.992,90,1,laptop,0.856,526.5,5.0,1304.0,866.7,,UP
1784500818.38,91,1,laptop,0.864,530.7,8.2,1301.6,863.6,,STATIC
1784500819.514,92,1,laptop,0.782,536.0,4.6,1297.4,847.9,,UP
1784500820.725,93,1,laptop,0.822,541.1,17.4,1296.1,851.0,,DOWN
1784500821.949,94,1,laptop,0.819,541.8,21.0,1297.1,852.8,,STATIC
1784500823.363,95,1,laptop,0.775,540.3,11.6,1299.0,845.0,,UP
1784500824.477,96,1,laptop,0.618,629.0,245.9,1210.6,837.6,,DOWN
1784500826.959,97,1,laptop,0.632,561.8,75.4,1298.7,827.4,,UP-RIGHT
1784500828.122,98,1,laptop,0.786,550.0,31.4,1311.2,809.7,,UP
1784500829.349,99,1,laptop,0.689,538.3,10.1,1304.3,793.0,,UP-LEFT
1784500830.465,100,1,laptop,0.572,541.4,4.9,1307.3,787.9,,UP-RIGHT
1784500834.989,101,1,laptop,0.534,551.4,6.3,1307.7,778.9,,UP-RIGHT
1784500836.069,102,1,laptop,0.668,565.9,20.0,1301.2,768.5,,RIGHT
1784500837.118,103,1,laptop,0.434,589.7,49.3,1281.3,745.1,,DOWN
1784500838.198,104,1,laptop,0.424,585.4,39.8,1282.5,736.9,,UP
1784500839.244,105,1,laptop,0.54,568.7,18.8,1279.7,730.4,,UP-LEFT
1784500840.395,106,1,laptop,0.434,631.9,182.7,1189.3,707.5,,DOWN-LEFT
1784500841.431,107,1,laptop,0.469,653.2,270.7,1127.7,687.0,,DOWN-LEFT
1784500906.096,160,2,laptop,0.814,642.6,2.9,1371.0,793.9,,
1784500907.901,162,2,laptop,0.517,557.6,2.7,1342.3,856.2,,
1784500908.826,163,2,laptop,0.8,515.5,5.4,1313.4,873.7,,DOWN-LEFT
1784500909.74,164,2,laptop,0.601,482.1,4.3,1298.8,893.1,,DOWN-LEFT
1784500910.632,165,2,laptop,0.892,448.1,3.1,1305.7,938.7,,DOWN-LEFT
1784500911.518,166,2,laptop,0.976,434.5,4.3,1317.0,970.3,,DOWN
1784500912.387,167,2,laptop,0.961,432.7,1.5,1328.1,984.3,,DOWN-RIGHT
1784500913.329,168,2,laptop,0.936,443.8,1.7,1344.7,992.1,,DOWN-RIGHT
1784500914.213,169,2,laptop,0.92,469.8,3.3,1387.8,1013.0,,DOWN-RIGHT
1784500915.044,170,2,laptop,0.976,494.0,3.2,1420.9,1023.5,,DOWN-RIGHT
1784500915.962,171,2,laptop,0.978,500.0,1.8,1437.0,1034.9,,DOWN-RIGHT
1784500916.849,172,2,laptop,0.923,502.9,2.4,1450.8,1049.6,,DOWN-RIGHT
1784500917.717,173,2,laptop,0.961,506.5,5.9,1466.5,1068.0,,DOWN-RIGHT
1784500918.649,174,2,laptop,0.694,519.3,2.2,1482.1,1067.2,,RIGHT
1784500919.584,175,2,laptop,0.521,562.7,0.7,1521.6,1056.6,,UP-RIGHT
1784500920.516,176,2,laptop,0.706,594.3,1.1,1549.3,1050.5,,UP-RIGHT
1784500921.417,177,2,laptop,0.886,628.0,1.8,1576.0,1036.1,,UP-RIGHT
1784500922.299,178,2,laptop,0.965,642.6,2.9,1589.5,1028.7,,UP-RIGHT
1784500923.159,179,2,laptop,0.868,631.3,4.0,1595.2,1041.3,,DOWN-LEFT
1784500924.078,180,2,laptop,0.781,630.2,5.0,1609.8,1043.5,,RIGHT
1784500924.93,181,2,laptop,0.861,607.7,5.6,1608.4,1043.2,,LEFT
1784500925.921,182,2,laptop,0.89,575.2,5.5,1586.8,1043.5,,LEFT
1784500926.829,183,2,laptop,0.92,534.7,6.0,1548.2,1032.5,,UP-LEFT
1784500927.733,184,2,laptop,0.936,509.7,6.2,1523.3,1019.6,,UP-LEFT
1784500928.618,185,2,laptop,0.92,498.4,5.4,1517.2,1010.1,,UP-LEFT
1784500929.485,186,2,laptop,0.859,512.8,4.5,1556.4,1012.3,,RIGHT
1784500931.239,188,2,laptop,0.498,567.0,5.2,1652.3,1002.5,,
1784500932.093,189,2,laptop,0.819,454.9,4.5,1513.7,973.4,,UP-LEFT
1784500932.929,190,2,laptop,0.907,428.0,4.2,1466.4,947.8,,UP-LEFT
1784500933.793,191,2,laptop,0.803,408.9,5.2,1417.1,916.4,,UP-LEFT
1784500934.65,192,2,laptop,0.661,396.4,5.1,1379.7,887.2,,UP-LEFT
1784500935.49,193,2,laptop,0.875,383.6,5.6,1349.0,866.3,,UP-LEFT
1784500936.332,194,2,laptop,0.907,379.5,4.9,1324.3,842.3,,UP-LEFT
1784500937.22,195,2,laptop,0.953,383.0,4.2,1303.5,814.0,,UP-LEFT
1784500938.092,196,2,laptop,0.977,388.7,4.7,1301.8,804.8,,UP
1784500938.894,197,2,laptop,0.974,394.6,4.9,1301.2,799.3,,STATIC
1784500939.736,198,2,laptop,0.986,379.2,5.1,1288.6,798.2,,LEFT
1784500940.633,199,2,laptop,0.984,370.1,5.4,1289.7,804.8,,DOWN-LEFT
1784500941.484,200,2,laptop,0.982,362.1,5.3,1288.4,808.5,,LEFT
1784500942.323,201,2,laptop,0.754,361.6,4.4,1289.5,806.5,,STATIC
1784500944.91,204,2,laptop,0.69,461.7,3.7,1436.5,854.5,,
1784500945.794,205,2,laptop,0.855,493.3,4.2,1470.5,873.4,,DOWN-RIGHT
1784500946.645,206,2,laptop,0.93,536.0,2.5,1513.0,884.0,,DOWN-RIGHT
1784500947.475,207,2,laptop,0.969,593.4,6.7,1558.9,891.5,,DOWN-RIGHT
1784500948.374,208,2,laptop,0.977,636.4,26.5,1580.2,902.4,,DOWN-RIGHT
1784500949.266,209,2,laptop,0.979,675.1,44.6,1597.6,911.3,,DOWN-RIGHT
1784500950.068,210,2,laptop,0.989,702.4,47.4,1593.5,892.7,,UP-RIGHT
1784500951.082,211,2,laptop,0.967,704.7,41.9,1585.1,886.2,,UP-LEFT
1784500952.014,212,2,laptop,0.974,688.8,44.4,1563.4,892.6,,DOWN-LEFT
1784500952.887,213,2,laptop,0.995,680.1,49.1,1534.8,886.8,,LEFT
1784500953.779,214,2,laptop,0.986,677.3,57.3,1506.3,876.8,,LEFT
1784500954.687,215,2,laptop,0.535,645.7,58.6,1456.7,871.1,,UP-LEFT
1784500955.579,216,2,laptop,0.865,598.3,56.8,1404.5,873.7,,LEFT
1784500956.472,217,2,laptop,0.934,560.4,59.7,1339.0,853.9,,UP-LEFT
1784500957.817,218,2,laptop,0.98,530.0,49.0,1287.3,827.1,,UP-LEFT
1784500959.066,219,2,laptop,0.993,521.2,49.8,1247.8,797.7,,UP-LEFT
1784500960.641,220,2,laptop,0.988,507.5,45.0,1221.2,782.1,,UP-LEFT
1784500961.796,221,2,laptop,0.983,480.5,39.0,1189.1,772.0,,UP-LEFT
1784500962.988,222,2,laptop,0.976,452.4,35.5,1158.6,768.1,,UP-LEFT
1784500963.954,223,2,laptop,0.99,427.6,34.5,1135.2,768.9,,LEFT
1784500964.943,224,2,laptop,0.996,404.6,30.1,1117.9,769.9,,LEFT
1784500965.948,225,2,laptop,0.991,410.0,39.0,1116.4,773.0,,DOWN
1784500967.353,226,2,laptop,0.932,431.4,51.0,1131.5,778.9,,DOWN-RIGHT
1784500968.412,227,2,laptop,0.988,454.8,65.5,1151.7,790.3,,DOWN-RIGHT
1784500969.244,228,2,laptop,0.981,470.1,80.6,1163.2,800.6,,DOWN-RIGHT
1784500970.132,229,2,laptop,0.971,479.3,98.1,1171.8,817.6,,DOWN-RIGHT
1784500970.963,230,2,laptop,0.986,499.2,112.4,1185.6,825.3,,DOWN-RIGHT
1784500972.204,231,2,laptop,0.977,504.9,121.2,1183.7,827.1,,DOWN
1784500973.394,232,2,laptop,0.994,504.4,137.8,1182.0,843.5,,DOWN
1784500974.513,233,2,laptop,0.993,506.7,149.3,1178.9,849.5,,DOWN
1784500975.451,234,2,laptop,0.991,496.0,155.6,1168.7,855.0,,DOWN-LEFT
1784500976.823,235,2,laptop,0.988,484.1,159.8,1153.5,855.7,,LEFT
1784500977.946,236,2,laptop,0.987,477.8,161.6,1136.5,847.1,,UP-LEFT
1784500978.958,237,2,laptop,0.994,472.5,157.4,1121.8,833.0,,UP-LEFT
1784500979.883,238,2,laptop,0.993,475.0,156.5,1117.1,825.1,,UP
1784500980.838,239,2,laptop,0.992,487.1,168.4,1109.8,815.6,,STATIC
1784500982.208,240,2,laptop,0.993,499.4,169.8,1111.3,804.7,,UP-RIGHT
1784500983.124,241,2,laptop,0.995,505.5,173.5,1112.9,803.4,,RIGHT
1784500984.023,242,2,laptop,0.992,513.4,178.6,1114.3,800.9,,RIGHT
1784500984.936,243,2,laptop,0.993,517.3,179.3,1114.3,796.9,,STATIC
1784500985.958,244,2,laptop,0.993,520.5,188.3,1112.5,799.1,,DOWN
1784500986.955,245,2,laptop,0.993,524.3,198.3,1111.1,801.8,,DOWN
1784500987.879,246,2,laptop,0.993,523.7,206.6,1109.9,807.7,,DOWN
1784500989.209,247,2,laptop,0.987,525.4,229.4,1107.9,826.0,,DOWN
1784500990.281,248,2,laptop,0.99,520.2,248.4,1108.8,852.3,,DOWN
1784500991.282,249,2,laptop,0.98,525.5,281.4,1102.2,872.3,,DOWN
1784500992.599,250,2,laptop,0.941,525.5,305.4,1091.8,883.8,,DOWN-LEFT
1784500993.607,251,2,laptop,0.938,525.0,336.8,1077.9,898.9,,DOWN-LEFT
1784500994.648,252,2,laptop,0.889,510.5,360.1,1068.6,928.2,,DOWN-LEFT
1784500995.644,253,2,laptop,0.954,499.7,387.4,1058.5,957.0,,DOWN-LEFT
1784500996.558,254,2,laptop,0.968,499.1,407.2,1051.5,971.8,,DOWN-LEFT
1784500997.546,255,2,laptop,0.957,499.8,436.4,1041.1,989.7,,DOWN-LEFT
1784500998.521,256,2,laptop,0.967,501.2,451.4,1036.3,999.9,,DOWN
1784500999.512,257,2,laptop,0.959,510.0,477.6,1031.1,1012.5,,DOWN
1784501000.49,258,2,laptop,0.974,518.2,494.1,1026.4,1016.1,,DOWN
1784501001.415,259,2,laptop,0.975,527.2,507.7,1019.1,1012.1,,DOWN
1784501002.407,260,2,laptop,0.948,530.5,516.7,1008.7,1006.5,,LEFT
1784501003.424,261,2,laptop,0.922,537.2,518.9,1001.8,993.5,,UP
1784501004.523,262,2,laptop,0.657,542.0,506.9,994.3,971.2,,UP
1784501005.564,263,2,laptop,0.494,527.1,484.7,970.1,938.6,,UP-LEFT
1784501006.604,264,2,laptop,0.783,518.3,460.9,961.7,914.7,,UP-LEFT
1784501007.642,265,2,laptop,0.45,522.0,442.8,958.4,888.7,,UP
1784501008.737,266,2,laptop,0.377,525.3,406.4,964.5,855.7,,UP-RIGHT
1784501009.722,267,2,laptop,0.494,527.0,367.5,966.2,817.9,,UP
1784501010.705,268,2,laptop,0.518,541.6,323.0,983.2,779.1,,UP-RIGHT
1784501011.687,269,2,laptop,0.545,549.5,274.0,994.0,735.9,,UP-RIGHT
1784501012.628,270,2,laptop,0.713,537.4,235.5,980.5,697.4,,UP-LEFT
1784501013.683,271,2,laptop,0.742,525.5,179.7,971.3,645.2,,UP-LEFT
1784501014.779,272,2,laptop,0.815,526.6,157.6,961.5,610.0,,UP-LEFT
1784501015.776,273,2,laptop,0.81,538.5,120.6,980.7,582.5,,UP-RIGHT
1784501016.637,274,2,laptop,0.697,563.1,87.6,997.3,542.5,,UP-RIGHT
1784501017.68,275,2,laptop,0.933,575.3,63.0,1006.9,516.1,,UP-RIGHT
1784501018.89,276,2,laptop,0.903,585.2,44.9,1014.0,495.0,,UP-RIGHT
1784501019.978,277,2,laptop,0.873,593.8,23.4,1030.9,484.5,,UP-RIGHT
1784501020.825,278,2,laptop,0.905,605.3,17.6,1042.7,480.1,,UP-RIGHT
1784501021.765,279,2,laptop,0.825,616.0,21.6,1053.7,486.0,,DOWN-RIGHT
1784501022.796,280,2,laptop,0.721,633.0,42.2,1065.0,501.7,,DOWN-RIGHT
1784501024.778,282,2,laptop,0.493,680.0,76.0,1100.8,525.1,,
1784501025.959,283,2,laptop,0.629,690.6,92.5,1111.9,543.9,,DOWN-RIGHT
1784501026.99,284,2,laptop,0.807,695.3,101.8,1121.8,560.6,,DOWN-RIGHT
1784501028.06,285,2,laptop,0.773,700.2,111.5,1130.3,575.5,,DOWN-RIGHT
1784501028.974,286,2,laptop,0.795,707.3,123.6,1137.3,588.7,,DOWN-RIGHT
1784501030.031,287,2,laptop,0.838,716.8,132.5,1146.1,596.9,,DOWN-RIGHT
1784501030.994,288,2,laptop,0.877,724.4,137.0,1151.3,598.5,,DOWN-RIGHT
1784501031.977,289,2,laptop,0.88,725.6,144.0,1148.7,600.2,,DOWN
1784501032.976,290,2,laptop,0.849,722.0,147.0,1143.8,600.8,,LEFT
1784501034.073,291,2,laptop,0.836,717.1,139.0,1143.2,597.2,,UP
1784501035.172,292,2,laptop,0.793,712.8,132.2,1142.1,593.9,,UP-LEFT
1784501036.252,293,2,laptop,0.857,708.2,125.4,1137.8,586.8,,UP-LEFT
1784501037.286,294,2,laptop,0.679,715.9,113.5,1133.9,560.0,,UP
1784501038.179,295,2,laptop,0.554,706.1,98.7,1129.7,551.3,,UP-LEFT
1784501038.924,296,2,laptop,0.613,695.2,81.7,1122.1,539.4,,UP-LEFT
1784501039.612,297,2,laptop,0.907,690.4,67.9,1115.0,523.0,,UP-LEFT
1784501040.381,298,2,laptop,0.883,689.3,58.7,1109.7,509.0,,UP-LEFT
1784501041.126,299,2,laptop,0.884,680.6,42.3,1108.4,501.4,,UP-LEFT
1784501041.863,300,2,laptop,0.914,665.3,30.3,1102.3,498.5,,UP-LEFT
1784501042.6,301,2,laptop,0.882,642.2,29.1,1083.4,497.3,,LEFT
1784501043.477,302,2,laptop,0.829,615.1,36.0,1062.6,508.3,,DOWN-LEFT
1784501044.546,303,2,laptop,0.67,603.2,51.2,1056.5,530.9,,DOWN-LEFT
1784501045.274,304,2,laptop,0.719,607.2,67.5,1068.4,555.2,,DOWN-RIGHT
1784501045.845,305,2,laptop,0.911,612.4,87.3,1076.8,576.4,,DOWN-RIGHT
1784501046.396,306,2,laptop,0.811,611.8,97.8,1079.3,589.0,,DOWN
1784501046.938,307,2,laptop,0.966,616.6,113.9,1087.0,605.5,,DOWN-RIGHT
1784501047.491,308,2,laptop,0.973,620.7,111.2,1094.6,605.4,,RIGHT
1784501048.027,309,2,laptop,0.974,623.7,107.4,1104.3,609.7,,RIGHT
1784501048.604,310,2,laptop,0.973,625.1,115.0,1109.1,620.8,,DOWN-RIGHT
1784501049.141,311,2,laptop,0.981,627.0,114.2,1114.3,622.7,,RIGHT
1784501049.679,312,2,laptop,0.97,626.3,111.1,1123.8,630.7,,RIGHT
1784501050.214,313,2,laptop,0.964,626.9,110.9,1134.1,642.6,,DOWN-RIGHT
1784501050.723,314,2,laptop,0.965,633.3,108.5,1146.4,648.7,,RIGHT
1784501051.255,315,2,laptop,0.952,633.7,107.0,1156.9,659.2,,DOWN-RIGHT
1784501051.795,316,2,laptop,0.961,617.9,110.2,1152.0,674.0,,DOWN-LEFT
1784501052.334,317,2,laptop,0.97,605.1,116.6,1146.4,687.7,,DOWN-LEFT
1784501052.888,318,2,laptop,0.981,591.0,127.0,1140.3,705.2,,DOWN-LEFT
1784501053.446,319,2,laptop,0.983,584.2,140.7,1138.9,724.2,,DOWN-LEFT
1784501054.042,320,2,laptop,0.941,584.9,132.8,1146.0,724.9,,UP-RIGHT
1784501054.629,321,2,laptop,0.888,608.0,129.9,1177.6,734.1,,DOWN-RIGHT
1784501055.202,322,2,laptop,0.974,643.2,127.7,1206.3,724.2,,UP-RIGHT
1784501055.858,323,2,laptop,0.988,663.1,115.1,1228.2,712.9,,UP-RIGHT
1784501056.732,324,2,laptop,0.978,668.0,112.4,1240.3,717.6,,RIGHT
1784501057.469,325,2,laptop,0.975,668.0,110.9,1243.7,719.5,,STATIC
1784501058.07,326,2,laptop,0.988,660.2,107.2,1243.5,723.4,,LEFT
1784501058.629,327,2,laptop,0.985,658.7,106.2,1247.3,727.8,,STATIC
1784501059.43,328,2,laptop,0.975,665.2,103.4,1254.0,725.7,,RIGHT
1784501060.487,329,2,laptop,0.981,672.8,95.6,1271.7,728.4,,RIGHT
1784501061.386,330,2,laptop,0.975,679.8,92.7,1289.2,736.3,,RIGHT
1784501061.986,331,2,laptop,0.988,678.8,98.0,1298.3,752.1,,DOWN-RIGHT
1784501062.589,332,2,laptop,0.99,674.9,96.0,1304.4,761.2,,DOWN
1784501063.178,333,2,laptop,0.991,673.4,94.0,1311.5,769.0,,DOWN-RIGHT
1784501063.734,334,2,laptop,0.99,677.4,94.8,1316.9,771.0,,RIGHT
1784501064.413,335,2,laptop,0.991,678.6,93.0,1321.8,772.8,,RIGHT
1784501065.047,336,2,laptop,0.991,678.4,91.5,1326.2,775.6,,STATIC
1784501065.778,337,2,laptop,0.989,683.7,91.3,1334.8,777.6,,RIGHT
1784501066.334,338,2,laptop,0.992,691.1,82.0,1351.3,778.1,,UP-RIGHT
1784501066.899,339,2,laptop,0.996,692.9,72.0,1363.0,778.6,,UP-RIGHT
1784501067.469,340,2,laptop,0.997,691.2,66.9,1366.9,778.8,,UP
1784501068.043,341,2,laptop,0.982,683.0,64.2,1362.1,779.2,,LEFT
1784501068.613,342,2,laptop,0.882,662.0,64.4,1353.7,794.7,,DOWN-LEFT
1784501069.182,343,2,laptop,0.908,630.9,77.2,1327.6,812.1,,DOWN-LEFT
1784501069.762,344,2,laptop,0.989,620.6,87.2,1317.4,820.9,,DOWN-LEFT
1784501070.319,345,2,laptop,0.909,605.0,74.3,1320.0,831.2,,LEFT
1784501070.878,346,2,laptop,0.962,632.9,80.9,1350.3,839.4,,DOWN-RIGHT
1784501071.449,347,2,laptop,0.994,665.0,89.1,1382.4,848.5,,DOWN-RIGHT
1784501072.125,348,2,laptop,0.938,651.8,86.9,1379.4,858.5,,DOWN-LEFT
1784501072.912,349,2,laptop,0.852,607.7,76.8,1348.4,864.0,,LEFT
1784501073.566,350,2,laptop,0.669,540.7,71.8,1288.4,866.8,,LEFT
1784501074.305,351,2,laptop,0.89,461.2,51.9,1235.4,870.2,,UP-LEFT
1784501075.435,352,2,laptop,0.857,405.1,31.7,1201.7,871.8,,UP-LEFT
1784501076.507,353,2,laptop,0.981,362.1,13.0,1177.0,867.9,,UP-LEFT
1784501077.555,354,2,laptop,0.989,348.1,5.0,1172.6,864.3,,UP-LEFT
1784501078.735,355,2,laptop,0.984,344.1,1.6,1172.8,859.4,,UP
1784501079.78,356,2,laptop,0.909,338.3,0.2,1163.9,850.2,,UP-LEFT
1784501080.989,357,2,laptop,0.78,307.4,0.0,1134.6,847.2,,LEFT
1784501082.167,358,2,laptop,0.539,268.9,0.0,1117.8,865.4,Warehouse,DOWN-LEFT
1784501083.191,359,2,laptop,0.695,227.7,0.0,1120.4,906.9,Warehouse,DOWN-LEFT
1784501084.254,360,2,laptop,0.791,190.2,3.0,1083.4,907.8,Warehouse,LEFT
1784501085.529,361,2,laptop,0.895,147.7,5.9,1055.5,927.5,Warehouse,DOWN-LEFT
1784501086.621,362,2,laptop,0.871,125.3,19.3,1049.4,961.8,Warehouse,DOWN-LEFT
1784501087.931,363,2,laptop,0.832,103.3,34.5,1046.3,1005.0,,DOWN-LEFT
1784501089.166,364,2,laptop,0.699,107.3,52.8,1057.9,1035.4,,DOWN-RIGHT
1784501090.286,365,2,laptop,0.789,129.5,79.1,1069.8,1049.5,,DOWN-RIGHT
1784501091.253,366,2,laptop,0.851,109.5,95.9,1043.1,1069.0,,DOWN-LEFT
1784501092.549,367,2,laptop,0.854,154.1,112.6,1088.5,1079.9,,DOWN-RIGHT
1784501093.727,368,2,laptop,0.835,187.1,127.6,1118.4,1080.0,,DOWN-RIGHT
1784501094.923,369,2,laptop,0.85,207.4,135.1,1137.8,1080.0,,DOWN-RIGHT
1784501096.103,370,2,laptop,0.605,199.8,136.1,1096.3,1061.3,,UP-LEFT
1784501097.238,371,2,laptop,0.934,234.0,116.2,1155.3,1065.2,,UP-RIGHT
1784501098.411,372,2,laptop,0.913,236.7,103.9,1175.2,1071.3,,UP-RIGHT
1784501099.572,373,2,laptop,0.513,322.5,105.4,1197.4,989.4,,UP-RIGHT
1784501101.504,375,2,laptop,0.655,328.6,112.0,1241.8,1060.2,,
1784501102.549,376,2,laptop,0.91,390.7,108.8,1301.2,1059.2,,UP-RIGHT
1784501103.545,377,2,laptop,0.855,429.6,102.4,1341.3,1054.8,,UP-RIGHT
1784501104.464,378,2,laptop,0.891,440.8,95.5,1349.6,1047.3,,UP-RIGHT
1784501105.334,379,2,laptop,0.727,417.5,77.2,1316.4,1036.3,,UP-LEFT
1784501106.24,380,2,laptop,0.664,423.5,73.9,1298.0,1024.7,,UP-LEFT
1784501108.081,382,2,laptop,0.736,504.5,59.9,1362.7,1003.6,,
1784501109.144,383,2,laptop,0.943,531.4,38.0,1387.6,988.6,,UP-RIGHT
1784501110.175,384,2,laptop,0.923,546.0,36.9,1385.1,976.2,,UP-RIGHT
1784501111.261,385,2,laptop,0.917,543.6,22.4,1381.0,965.5,,UP-LEFT
1784501112.167,386,2,laptop,0.903,544.8,13.7,1379.1,958.1,,UP
1784501113.145,387,2,laptop,0.951,550.7,11.6,1380.9,956.6,,RIGHT
1784501114.111,388,2,laptop,0.957,555.4,10.9,1385.7,961.3,,RIGHT
1784501115.162,389,2,laptop,0.963,558.4,11.3,1389.0,966.7,,RIGHT
1784501116.928,390,2,laptop,0.93,562.7,12.7,1391.7,969.2,,RIGHT
1784501119.22,391,2,laptop,0.925,574.4,14.2,1405.1,973.8,,DOWN-RIGHT
1784501121.107,392,2,laptop,0.952,582.1,13.5,1411.5,973.1,,RIGHT
1784501124.373,393,2,laptop,0.964,590.3,12.8,1419.2,971.9,,RIGHT
1784501130.002,394,2,laptop,0.968,593.9,13.5,1423.4,973.8,,RIGHT
1784501134.049,395,2,laptop,0.965,602.0,13.2,1429.2,968.3,,UP-RIGHT
1784501137.122,396,2,laptop,0.851,666.6,15.2,1517.7,977.3,,DOWN-RIGHT
1784501140.45,397,2,laptop,0.927,679.0,21.2,1542.0,982.9,,DOWN-RIGHT
1784501142.165,398,2,laptop,0.911,637.8,24.3,1501.4,991.4,,DOWN-LEFT
1784501144.761,399,2,laptop,0.864,612.5,21.6,1459.9,984.1,,UP-LEFT
1784501147.449,400,2,laptop,0.865,678.2,15.7,1549.2,995.1,,DOWN-RIGHT
1784501150.627,401,2,laptop,0.721,660.1,12.5,1550.6,1019.4,,DOWN-LEFT
1784501153.563,402,2,laptop,0.745,687.6,8.6,1529.5,952.0,,UP-RIGHT
1784501155.762,403,2,laptop,0.859,702.6,8.2,1500.5,892.8,,UP-LEFT
1784501157.753,404,2,laptop,0.377,661.6,7.3,1430.6,864.6,,UP-LEFT
1784501160.58,405,2,laptop,0.471,655.1,8.4,1395.1,824.9,,UP-LEFT
1784501162.956,406,2,laptop,0.417,659.8,6.1,1385.0,796.1,,UP-LEFT
1784501164.79,407,2,laptop,0.402,643.3,12.0,1336.5,765.3,,UP-LEFT
1784501166.599,408,2,laptop,0.825,650.2,9.2,1336.5,746.7,,UP-RIGHT
1784501168.139,409,2,laptop,0.947,647.8,8.4,1333.9,738.0,,UP-LEFT
1784501170.178,410,2,laptop,0.932,641.8,10.4,1332.7,738.3,,LEFT
1784501171.803,411,2,laptop,0.938,615.3,9.0,1315.6,737.8,,LEFT
1784501174.418,412,2,laptop,0.949,600.8,8.1,1313.2,740.7,,LEFT
1784501178.064,413,2,laptop,0.953,585.0,6.4,1323.6,760.6,,DOWN-LEFT
1784501180.978,414,2,laptop,0.97,583.1,6.6,1332.8,766.9,,DOWN-RIGHT
1784501182.565,415,2,laptop,0.841,577.4,5.2,1346.0,779.8,,DOWN-RIGHT
1784501184.698,416,2,laptop,0.945,578.5,3.3,1371.6,799.8,,DOWN-RIGHT
1784501186.25,417,2,laptop,0.937,568.9,3.4,1400.2,839.7,,DOWN-RIGHT
1784501197.436,420,2,laptop,0.936,514.1,11.4,1384.6,891.9,,
1784501200.236,421,2,laptop,0.869,499.2,10.4,1389.0,917.9,,DOWN-LEFT
1784501203.525,422,2,laptop,0.787,490.1,13.0,1384.4,928.5,,DOWN-LEFT
1784501205.262,423,2,laptop,0.471,455.7,16.7,1365.0,944.9,,DOWN-LEFT
1784501207.597,424,2,laptop,0.571,453.6,18.0,1367.1,952.5,,DOWN
1784501211.423,426,2,laptop,0.73,457.0,36.8,1380.7,987.7,,
1784501217.406,427,2,laptop,0.539,462.3,53.6,1393.9,1016.3,,DOWN-RIGHT
1784501219.27,428,2,laptop,0.639,471.4,61.0,1403.4,1023.7,,DOWN-RIGHT
1784501220.599,429,2,laptop,0.668,475.5,76.8,1410.6,1041.9,,DOWN-RIGHT
1784501221.987,430,2,laptop,0.691,478.3,89.9,1414.7,1054.1,,DOWN-RIGHT
1784501225.332,431,2,laptop,0.603,605.6,95.6,1603.3,1069.9,,DOWN-RIGHT
1784501228.348,432,2,laptop,0.677,632.3,105.2,1665.5,1073.7,,DOWN-RIGHT
1784501230.325,433,2,laptop,0.798,534.3,108.3,1553.5,1072.0,,LEFT
1784501232.196,434,2,laptop,0.525,468.5,106.3,1492.5,1070.2,,LEFT
1784501234.058,435,2,laptop,0.446,349.4,103.7,1433.4,1071.7,,LEFT
1784501235.722,436,2,laptop,0.358,268.4,99.2,1408.4,1073.5,,LEFT
1784501238.966,437,2,laptop,0.353,280.3,96.0,1483.6,1072.6,,RIGHT
1784501250.578,441,2,laptop,0.686,119.4,77.0,1358.5,1070.7,,
1784501253.721,442,2,laptop,0.833,179.7,62.6,1449.8,1071.3,,UP-RIGHT
1784501256.996,443,2,laptop,0.794,164.2,55.4,1442.9,1070.8,,UP-LEFT
1784501258.969,444,2,laptop,0.676,193.7,52.2,1486.4,1070.5,,RIGHT
1784501260.579,445,2,laptop,0.949,167.4,31.5,1478.7,1071.2,,UP-LEFT
1784501262.198,446,2,laptop,0.492,138.8,20.7,1469.1,1073.4,,UP-LEFT
1784501266.98,449,2,laptop,0.541,25.3,9.3,1372.1,1074.7,,
1784501268.159,450,2,laptop,0.896,1.4,7.2,1345.3,1071.1,,LEFT
1784501269.904,451,2,laptop,0.931,0.0,6.7,1330.0,1069.4,,LEFT
1784501271.242,452,2,laptop,0.775,0.0,5.9,1337.2,1069.5,,RIGHT
1784501272.297,453,2,laptop,0.819,12.0,7.0,1355.0,1066.9,,RIGHT
1784501273.494,454,2,laptop,0.957,6.5,8.1,1351.1,1067.5,,LEFT
1784501274.722,455,2,laptop,0.687,7.7,7.8,1354.5,1066.6,,RIGHT
1784501276.187,456,2,laptop,0.717,0.0,9.1,1338.2,1067.1,,LEFT
1784501278.566,457,2,laptop,0.676,0.0,9.7,1329.2,1068.2,,LEFT
1784501284.476,461,2,laptop,0.898,0.0,11.7,1296.0,1070.1,,
1784501285.754,462,2,laptop,0.944,0.0,14.2,1286.7,1069.9,,LEFT
1784501286.934,463,2,laptop,0.949,0.0,15.9,1283.6,1071.3,,STATIC
1784501288.091,464,2,laptop,0.952,0.0,16.7,1281.9,1072.2,,STATIC
1784501289.532,465,2,laptop,0.88,0.0,17.1,1280.7,1072.8,,STATIC
1784501292.191,466,2,laptop,0.852,0.0,16.1,1279.1,1072.6,,STATIC
1784501295.373,467,2,laptop,0.872,0.0,16.7,1276.7,1072.6,,STATIC
1784501351.39,505,3,laptop,0.458,315.8,238.3,900.1,658.4,Warehouse,
1784501352.278,506,3,laptop,0.568,346.4,205.2,932.9,627.7,Warehouse,UP-RIGHT
1784501353.274,507,3,laptop,0.827,371.3,164.1,976.2,602.0,Warehouse,UP-RIGHT
1784501354.276,508,3,laptop,0.749,363.1,98.4,1058.5,609.4,,UP-RIGHT
1784501355.73,509,3,laptop,0.46,366.3,65.0,1101.3,616.8,,UP-RIGHT
1784501356.765,510,3,laptop,0.427,357.4,35.4,1133.8,634.6,,UP-RIGHT
1784501379.244,528,8,laptop,0.4,2.2,249.4,1206.0,1076.8,,
1784501390.328,547,8,laptop,0.715,0.0,311.7,1057.2,1067.4,,
1784501390.919,548,8,laptop,0.443,37.5,343.6,1045.2,1047.7,,DOWN-RIGHT
1784501401.835,565,8,laptop,0.547,243.7,246.6,1332.3,1017.9,,
1784501402.489,566,8,laptop,0.691,362.6,234.9,1409.9,1033.8,,RIGHT
1784501403.132,567,8,laptop,0.66,410.8,220.8,1407.7,1025.9,,UP-RIGHT
1784501403.843,568,8,laptop,0.672,441.6,208.0,1401.6,1017.0,,UP-RIGHT
1784501404.455,569,8,laptop,0.729,452.1,202.4,1407.7,1038.8,,DOWN-RIGHT
1784501405.066,570,8,laptop,0.73,485.0,196.5,1447.7,1056.7,,DOWN-RIGHT
1784501405.634,571,8,laptop,0.804,603.0,208.6,1609.8,1064.2,,DOWN-RIGHT
1784501406.223,572,8,laptop,0.756,635.1,207.6,1693.6,1069.3,,RIGHT
1784501406.836,573,8,laptop,0.778,633.3,197.9,1746.3,1069.8,,UP-RIGHT
1784501407.477,574,8,laptop,0.558,610.4,183.2,1776.8,1070.6,,UP-RIGHT
1784501408.069,575,8,laptop,0.704,576.0,166.2,1785.9,1070.8,,UP-LEFT
1784501408.716,576,8,laptop,0.827,557.0,148.6,1812.0,1072.3,,UP-RIGHT
1784501409.306,577,8,laptop,0.858,532.0,123.8,1838.2,1074.1,,UP
1784501409.948,578,8,laptop,0.803,512.5,106.6,1858.2,1076.8,,UP
1784501410.591,579,8,laptop,0.783,497.3,88.7,1876.6,1077.2,,UP
1784501411.276,580,8,laptop,0.744,484.2,65.0,1899.5,1076.0,,UP-RIGHT
1784501411.911,581,8,laptop,0.735,473.9,46.4,1916.5,1076.3,,UP-RIGHT
1784501412.557,582,8,laptop,0.803,465.6,29.1,1920.0,1076.9,,UP-LEFT
1784501413.175,583,8,laptop,0.814,454.7,17.0,1920.0,1075.0,,UP-LEFT
1784501413.774,584,8,laptop,0.805,398.5,11.8,1859.4,1071.8,,UP-LEFT
1784501414.383,585,8,laptop,0.744,347.5,7.5,1777.1,1063.7,,UP-LEFT
1784501415.007,586,8,laptop,0.661,342.9,4.7,1748.9,1056.7,,UP-LEFT
1784501415.725,587,8,laptop,0.841,358.1,1.2,1744.2,1050.0,,UP-RIGHT
1784501416.398,588,8,laptop,0.83,402.7,3.9,1781.1,1048.2,,RIGHT
1784501417.038,589,8,laptop,0.633,356.5,11.2,1700.2,1047.9,,DOWN-LEFT
1784501417.646,590,8,laptop,0.842,317.3,17.3,1624.6,1049.3,,DOWN-LEFT
1784501418.308,591,8,laptop,0.911,314.0,32.0,1577.9,1050.5,,DOWN-LEFT
1784501418.975,592,8,laptop,0.926,326.1,46.2,1547.8,1048.5,,DOWN-LEFT
1784501419.746,593,8,laptop,0.931,348.2,57.8,1531.6,1044.5,,DOWN-RIGHT
1784501420.825,594,8,laptop,0.937,369.8,63.5,1522.4,1037.8,,RIGHT
1784501421.615,595,8,laptop,0.942,385.4,57.1,1515.4,1023.9,,UP-RIGHT
1784501422.56,596,8,laptop,0.906,390.0,37.1,1515.7,1012.8,,UP
1784501423.497,597,8,laptop,0.684,406.1,28.7,1507.1,992.1,,UP-RIGHT
1784501424.289,598,8,laptop,0.571,419.3,14.1,1502.6,967.3,,UP-RIGHT
1784501424.936,599,8,laptop,0.497,428.8,4.2,1490.8,942.4,,UP
1784501425.606,600,8,laptop,0.649,438.8,2.5,1481.4,924.0,,UP
1784501426.197,601,8,laptop,0.744,447.4,4.2,1467.4,906.0,,UP-LEFT
1784501426.745,602,8,laptop,0.881,454.2,7.9,1453.7,889.0,,UP-LEFT
1784501427.298,603,8,laptop,0.918,448.8,8.2,1440.0,879.2,,UP-LEFT
1784501427.848,604,8,laptop,0.934,443.9,7.1,1431.9,872.5,,UP-LEFT
1784501428.428,605,8,laptop,0.897,442.9,5.9,1429.0,868.0,,UP
1784501429.027,606,8,laptop,0.858,441.2,5.6,1424.9,864.1,,STATIC
1784501429.623,607,8,laptop,0.879,430.4,5.4,1418.7,867.3,,LEFT
1784501430.353,608,8,laptop,0.886,418.7,5.5,1413.7,873.2,,DOWN-LEFT
1784501430.923,609,8,laptop,0.808,407.5,5.5,1411.2,882.1,,DOWN-LEFT
1784501431.472,610,8,laptop,0.824,402.5,5.9,1411.6,889.6,,DOWN
1784501432.153,611,8,laptop,0.83,406.2,6.2,1414.8,893.3,,RIGHT
1784501433.071,612,8,laptop,0.704,384.1,2.9,1411.3,907.6,,DOWN-LEFT
1784501433.848,613,8,laptop,0.577,378.2,2.5,1423.0,928.5,,DOWN-RIGHT
1784501434.508,614,8,laptop,0.526,374.5,9.5,1425.1,946.7,,DOWN
1784501435.092,615,8,laptop,0.439,403.5,12.8,1453.3,961.8,,DOWN-RIGHT
1784501444.579,630,13,laptop,0.523,568.9,361.1,1172.5,1075.9,,
1784501445.176,631,13,laptop,0.656,563.8,356.2,1171.8,1076.6,,LEFT
1784501445.777,632,13,laptop,0.455,573.0,348.9,1156.4,1039.9,,UP-LEFT
1784501449.187,638,13,laptop,0.534,511.0,130.0,1273.8,1046.7,,
1784501449.88,639,8,laptop,0.451,607.0,109.6,1633.4,1013.9,,
1784501450.544,640,8,laptop,0.614,561.8,110.5,1526.7,985.0,,UP-LEFT
1784501451.141,641,8,laptop,0.829,565.1,110.7,1484.7,960.6,,UP-LEFT
1784501451.845,642,8,laptop,0.845,582.9,112.3,1464.4,936.0,,UP
1784501452.502,643,8,laptop,0.536,610.6,116.8,1483.1,928.3,,RIGHT
1784501454.046,645,8,laptop,0.483,646.7,108.0,1634.8,957.7,,
1784501454.644,646,8,laptop,0.564,613.0,94.4,1729.5,1017.0,,DOWN-RIGHT
1784501460.9,656,8,laptop,0.414,517.9,14.1,1779.5,1011.0,,
1784501461.616,657,8,laptop,0.596,496.9,11.2,1791.4,999.8,,UP-LEFT
1784501462.202,658,8,laptop,0.444,479.5,10.6,1812.3,1006.3,,DOWN
1784501462.949,659,8,laptop,0.566,458.6,10.3,1833.2,1023.2,,DOWN
1784501463.625,660,8,laptop,0.517,451.4,10.8,1848.1,1028.9,,DOWN-RIGHT
1784501464.24,661,8,laptop,0.492,438.7,11.1,1860.5,1039.9,,DOWN
1784501464.852,662,8,laptop,0.547,432.5,9.8,1876.9,1051.8,,DOWN-RIGHT
1784501465.442,663,8,laptop,0.629,433.6,7.6,1889.8,1055.7,,RIGHT
1784501466.056,664,8,laptop,0.776,333.5,7.0,1757.7,1060.5,,LEFT
1784501466.633,665,8,laptop,0.939,303.6,6.5,1690.8,1061.2,,LEFT
1784501467.235,666,8,laptop,0.937,304.6,6.7,1653.7,1059.3,,LEFT
1784501467.819,667,8,laptop,0.947,320.2,5.3,1627.9,1053.1,,UP-LEFT
1784501468.382,668,8,laptop,0.953,348.4,8.9,1615.6,1051.6,,RIGHT
1784501468.949,669,8,laptop,0.954,368.8,14.2,1602.3,1050.5,,RIGHT
1784501469.554,670,8,laptop,0.961,393.4,15.3,1607.0,1055.7,,DOWN-RIGHT
1784501470.105,671,8,laptop,0.968,412.5,16.3,1605.9,1058.9,,RIGHT
1784501470.703,672,8,laptop,0.943,427.1,18.2,1601.2,1062.0,,DOWN-RIGHT
1784501471.275,673,8,laptop,0.793,438.4,22.9,1593.3,1067.0,,DOWN
1784501472.375,675,8,laptop,0.841,458.2,84.1,1528.4,1066.7,,
1784501472.945,676,8,laptop,0.954,480.0,115.7,1505.0,1067.4,,DOWN
1784501473.541,677,8,laptop,0.962,506.7,141.4,1495.0,1068.4,,DOWN-RIGHT
1784501474.148,678,8,laptop,0.964,525.0,152.7,1491.4,1068.6,,DOWN-RIGHT
1784501474.765,679,8,laptop,0.963,536.4,159.4,1485.8,1068.3,,DOWN-RIGHT
1784501475.34,680,8,laptop,0.964,544.6,165.1,1479.1,1067.9,,DOWN
1784501475.914,681,8,laptop,0.974,555.1,170.5,1472.7,1065.2,,STATIC
1784501476.574,682,8,laptop,0.905,564.2,166.4,1464.8,1052.3,,UP
1784501477.21,683,8,laptop,0.909,578.9,158.2,1453.2,1023.6,,UP
1784501477.781,684,8,laptop,0.764,588.5,147.3,1446.5,1000.5,,UP
1784501478.307,685,8,laptop,0.482,604.3,134.0,1445.3,975.0,,UP-RIGHT
1784501478.83,686,8,laptop,0.584,618.7,110.0,1437.8,933.0,,UP-RIGHT
1784501479.367,687,8,laptop,0.714,632.9,86.5,1432.2,893.6,,UP-RIGHT
1784501479.927,688,8,laptop,0.656,648.5,63.3,1438.9,867.5,,UP-RIGHT
1784501480.488,689,8,laptop,0.597,667.1,45.5,1438.5,834.2,,UP-RIGHT
1784501481.041,690,8,laptop,0.802,682.6,25.5,1435.3,796.1,,UP-RIGHT
1784501481.598,691,8,laptop,0.986,688.6,15.7,1430.9,779.4,,UP
1784501482.204,692,8,laptop,0.99,696.8,18.0,1427.8,773.5,,RIGHT
1784501482.809,693,8,laptop,0.969,697.0,24.5,1414.5,772.1,,DOWN-LEFT
1784501484.531,695,8,laptop,0.734,678.3,52.8,1370.7,779.5,,
1784501485.536,696,8,laptop,0.907,671.6,76.7,1348.1,790.3,,DOWN-LEFT
1784501486.427,697,8,laptop,0.856,660.3,90.2,1338.3,808.4,,DOWN-LEFT
1784501487.527,698,8,laptop,0.876,659.7,106.5,1333.5,822.6,,DOWN-LEFT
1784501488.308,699,8,laptop,0.584,657.9,132.4,1334.4,854.5,,DOWN
1784501507.581,727,8,laptop,0.595,417.0,4.1,1180.4,789.9,,
1784501508.26,728,8,laptop,0.806,386.5,0.9,1159.5,788.1,,LEFT
1784501508.837,729,8,laptop,0.798,363.0,0.1,1148.2,794.2,,DOWN-LEFT
1784501509.376,730,8,laptop,0.91,341.7,1.0,1128.5,791.7,,LEFT
1784501509.949,731,8,laptop,0.947,313.0,1.1,1102.9,786.4,,UP-LEFT
1784501510.631,732,8,laptop,0.977,298.9,1.5,1093.1,784.1,Warehouse,LEFT
1784501511.187,733,8,laptop,0.977,280.6,3.2,1087.6,793.9,Warehouse,DOWN-LEFT
1784501511.887,734,8,laptop,0.972,271.8,4.3,1094.5,806.9,Warehouse,DOWN
1784501512.518,735,8,laptop,0.97,268.9,5.4,1102.2,816.7,Warehouse,DOWN
1784501513.073,736,8,laptop,0.979,268.3,5.7,1109.7,824.5,Warehouse,DOWN-RIGHT
1784501513.713,737,8,laptop,0.978,266.7,5.9,1112.6,828.0,Warehouse,STATIC
1784501514.281,738,8,laptop,0.978,266.2,5.5,1111.0,824.5,Warehouse,STATIC
1784501514.801,739,8,laptop,0.948,273.4,4.0,1108.6,812.2,Warehouse,UP
1784501515.381,740,8,laptop,0.695,269.8,4.4,1106.7,809.5,Warehouse,STATIC
1784501515.959,741,8,laptop,0.876,243.8,5.3,1091.7,816.0,Warehouse,DOWN-LEFT
1784501516.57,742,8,laptop,0.945,209.6,4.9,1064.6,819.2,Warehouse,LEFT
